<?xml version="1.0" encoding="UTF-8"?>
<project-private xmlns="http://www.netbeans.org/ns/project-private/1">
    <editor-bookmarks xmlns="http://www.netbeans.org/ns/editor-bookmarks/2" lastBookmarkId="1">
        <file>
            <url>src/IA1.java</url>
            <bookmark id="1">
                <name/>
                <line>55</line>
                <key/>
            </bookmark>
        </file>
    </editor-bookmarks>
    <open-files xmlns="http://www.netbeans.org/ns/projectui-open-files/2">
        <group>
            <file>file:/C:/Users/Baptiste/Desktop/PONG%20PROJET/Final/DemoPongJavaEtIA2EtIA3_Score_PLus_Plus/DemoPongJavaEtIA2EtIA3/Pong/src/Arite1.java</file>
        </group>
    </open-files>
</project-private>
