<?xml version="1.0" encoding="UTF-8"?>
<project-private xmlns="http://www.netbeans.org/ns/project-private/1">
    <editor-bookmarks xmlns="http://www.netbeans.org/ns/editor-bookmarks/2" lastBookmarkId="0"/>
    <open-files xmlns="http://www.netbeans.org/ns/projectui-open-files/2">
        <group>
            <file>file:/C:/Users/Miggy/Desktop/TestJavaApplication1/src/testjavaapplication1/TestJavaApplication1.java</file>
            <file>file:/C:/Users/Miggy/Desktop/TestJavaApplication1/src/testjavaapplication1/Observation.java</file>
            <file>file:/C:/Users/Miggy/Desktop/TestJavaApplication1/src/testjavaapplication1/Arbre.java</file>
            <file>file:/C:/Users/Miggy/Desktop/TestJavaApplication1/src/testjavaapplication1/FctArite1.java</file>
            <file>file:/C:/Users/Miggy/Desktop/TestJavaApplication1/src/testjavaapplication1/Operation.java</file>
            <file>file:/C:/Users/Miggy/Desktop/TestJavaApplication1/src/testjavaapplication1/Parametre.java</file>
            <file>file:/C:/Users/Miggy/Desktop/TestJavaApplication1/src/testjavaapplication1/NonParametre.java</file>
            <file>file:/C:/Users/Miggy/Desktop/TestJavaApplication1/src/testjavaapplication1/Arite1.java</file>
            <file>file:/C:/Users/Miggy/Desktop/TestJavaApplication1/src/testjavaapplication1/FctArite2.java</file>
            <file>file:/C:/Users/Miggy/Desktop/TestJavaApplication1/src/testjavaapplication1/Arite2.java</file>
        </group>
    </open-files>
</project-private>
