<?xml version="1.0" encoding="UTF-8"?>
<project-private xmlns="http://www.netbeans.org/ns/project-private/1">
    <editor-bookmarks xmlns="http://www.netbeans.org/ns/editor-bookmarks/2" lastBookmarkId="0"/>
    <open-files xmlns="http://www.netbeans.org/ns/projectui-open-files/2">
        <group>
            <file>file:/C:/Users/Baptiste/Desktop/PONG%20PROJET/ShmupIntoIA2/src/shmup/Arbre.java</file>
            <file>file:/C:/Users/Baptiste/Desktop/PONG%20PROJET/ShmupIntoIA2/src/shmup/Fenetre.java</file>
            <file>file:/C:/Users/Baptiste/Desktop/PONG%20PROJET/ShmupIntoIA2/src/shmup/Panneau.java</file>
            <file>file:/C:/Users/Baptiste/Desktop/PONG%20PROJET/ShmupIntoIA2/src/shmup/Joueur.java</file>
            <file>file:/C:/Users/Baptiste/Desktop/PONG%20PROJET/ShmupIntoIA2/src/shmup/Parametre.java</file>
            <file>file:/C:/Users/Baptiste/Desktop/PONG%20PROJET/ShmupIntoIA2/src/shmup/Arbre2D.java</file>
            <file>file:/C:/Users/Baptiste/Desktop/PONG%20PROJET/ShmupIntoIA2/src/shmup/Arite2.java</file>
            <file>file:/C:/Users/Baptiste/Desktop/PONG%20PROJET/ShmupIntoIA2/src/shmup/Bullet.java</file>
            <file>file:/C:/Users/Baptiste/Desktop/PONG%20PROJET/ShmupIntoIA2/src/shmup/Shmup.java</file>
        </group>
    </open-files>
</project-private>
